[{"model": "admin.logentry", "pk": 1, "fields": {"action_time": "2021-09-23T14:54:35.161Z", "user": 1, "content_type": 7, "object_id": "6", "object_repr": "1.2.643.5.1.13.13.99.2.747 / РВ. Вакцины от коронавирусной инфекции (англоязычный)", "action_flag": 2, "change_message": "[{\"added\": {\"name\": \"\\u0412\\u0435\\u0440\\u0441\\u0438\\u044f \\u0441\\u043f\\u0440\\u0430\\u0432\\u043e\\u0447\\u043d\\u0438\\u043a\\u0430\", \"object\": \"1.2.643.5.1.13.13.99.2.747 1.6 / 2021-09-21 11:16:00+03:00\"}}]"}}, {"model": "admin.logentry", "pk": 2, "fields": {"action_time": "2021-09-23T15:00:01.466Z", "user": 1, "content_type": 7, "object_id": "6", "object_repr": "1.2.643.5.1.13.13.99.2.747 / РВ. Вакцины от коронавирусной инфекции (англоязычный)", "action_flag": 2, "change_message": "[{\"added\": {\"name\": \"\\u0412\\u0435\\u0440\\u0441\\u0438\\u044f \\u0441\\u043f\\u0440\\u0430\\u0432\\u043e\\u0447\\u043d\\u0438\\u043a\\u0430\", \"object\": \"1.2.643.5.1.13.13.99.2.747 1.3 / 2021-03-30 10:40:00+03:00\"}}]"}}, {"model": "admin.logentry", "pk": 3, "fields": {"action_time": "2021-09-23T15:00:23.487Z", "user": 1, "content_type": 10, "object_id": "2", "object_repr": "1.2.643.5.1.13.13.99.2.747 1.3 / 2021-03-30 10:40:00+03:00", "action_flag": 2, "change_message": "[{\"added\": {\"name\": \"items version\", \"object\": \"1.2.643.5.1.13.13.99.2.747 1.3 / 2021-03-30 10:40:00+03:00 / 1 (1)\"}}, {\"added\": {\"name\": \"items version\", \"object\": \"1.2.643.5.1.13.13.99.2.747 1.3 / 2021-03-30 10:40:00+03:00 / 3 (3)\"}}, {\"added\": {\"name\": \"items version\", \"object\": \"1.2.643.5.1.13.13.99.2.747 1.3 / 2021-03-30 10:40:00+03:00 / 4 (4)\"}}]"}}, {"model": "admin.logentry", "pk": 4, "fields": {"action_time": "2021-09-23T15:00:40.165Z", "user": 1, "content_type": 10, "object_id": "1", "object_repr": "1.2.643.5.1.13.13.99.2.747 1.6 / 2021-09-21 11:16:00+03:00", "action_flag": 2, "change_message": "[{\"added\": {\"name\": \"items version\", \"object\": \"1.2.643.5.1.13.13.99.2.747 1.6 / 2021-09-21 11:16:00+03:00 / 1 (1)\"}}, {\"added\": {\"name\": \"items version\", \"object\": \"1.2.643.5.1.13.13.99.2.747 1.6 / 2021-09-21 11:16:00+03:00 / 3 (3)\"}}, {\"added\": {\"name\": \"items version\", \"object\": \"1.2.643.5.1.13.13.99.2.747 1.6 / 2021-09-21 11:16:00+03:00 / 4 (4)\"}}, {\"added\": {\"name\": \"items version\", \"object\": \"1.2.643.5.1.13.13.99.2.747 1.6 / 2021-09-21 11:16:00+03:00 / 5 (5)\"}}]"}}, {"model": "admin.logentry", "pk": 5, "fields": {"action_time": "2021-09-23T15:13:15.812Z", "user": 1, "content_type": 7, "object_id": "4", "object_repr": "1.2.643.5.1.13.13.99.2.863 / ВМП. Справочник соответствия форм оплаты и источников оплаты", "action_flag": 2, "change_message": "[{\"added\": {\"name\": \"\\u0412\\u0435\\u0440\\u0441\\u0438\\u044f \\u0441\\u043f\\u0440\\u0430\\u0432\\u043e\\u0447\\u043d\\u0438\\u043a\\u0430\", \"object\": \"1.2.643.5.1.13.13.99.2.863 1.1 / 2021-09-22 09:35:00+03:00\"}}]"}}, {"model": "admin.logentry", "pk": 6, "fields": {"action_time": "2021-09-23T15:13:39.939Z", "user": 1, "content_type": 8, "object_id": "5", "object_repr": "1 / 1", "action_flag": 1, "change_message": "[{\"added\": {}}]"}}, {"model": "admin.logentry", "pk": 7, "fields": {"action_time": "2021-09-23T15:13:54.788Z", "user": 1, "content_type": 8, "object_id": "6", "object_repr": "3 / 1", "action_flag": 1, "change_message": "[{\"added\": {}}]"}}, {"model": "admin.logentry", "pk": 8, "fields": {"action_time": "2021-09-23T15:14:07.345Z", "user": 1, "content_type": 8, "object_id": "7", "object_repr": "4 / 9", "action_flag": 1, "change_message": "[{\"added\": {}}]"}}, {"model": "admin.logentry", "pk": 9, "fields": {"action_time": "2021-09-23T15:15:13.529Z", "user": 1, "content_type": 10, "object_id": "3", "object_repr": "1.2.643.5.1.13.13.99.2.863 1.1 / 2021-09-22 09:35:00+03:00", "action_flag": 2, "change_message": "[{\"added\": {\"name\": \"items version\", \"object\": \"1.2.643.5.1.13.13.99.2.863 1.1 / 2021-09-22 09:35:00+03:00 / 1\"}}, {\"added\": {\"name\": \"items version\", \"object\": \"1.2.643.5.1.13.13.99.2.863 1.1 / 2021-09-22 09:35:00+03:00 / 3\"}}, {\"added\": {\"name\": \"items version\", \"object\": \"1.2.643.5.1.13.13.99.2.863 1.1 / 2021-09-22 09:35:00+03:00 / 4\"}}]"}}, {"model": "admin.logentry", "pk": 10, "fields": {"action_time": "2021-09-23T15:15:59.840Z", "user": 1, "content_type": 7, "object_id": "10", "object_repr": "1.2.643.5.1.13.13.99.2.860 / Операторы персональных данных", "action_flag": 2, "change_message": "[{\"added\": {\"name\": \"\\u0412\\u0435\\u0440\\u0441\\u0438\\u044f \\u0441\\u043f\\u0440\\u0430\\u0432\\u043e\\u0447\\u043d\\u0438\\u043a\\u0430\", \"object\": \"1.2.643.5.1.13.13.99.2.860 1.1 / 2021-09-15 13:05:00+03:00\"}}]"}}, {"model": "admin.logentry", "pk": 11, "fields": {"action_time": "2021-09-23T15:40:25.759Z", "user": 1, "content_type": 8, "object_id": "8", "object_repr": "1 / Министерство внутренних дел Российской Федерации", "action_flag": 1, "change_message": "[{\"added\": {}}]"}}, {"model": "admin.logentry", "pk": 12, "fields": {"action_time": "2021-09-23T15:42:51.599Z", "user": 1, "content_type": 8, "object_id": "9", "object_repr": "3333 / 4444", "action_flag": 1, "change_message": "[{\"added\": {}}]"}}, {"model": "admin.logentry", "pk": 13, "fields": {"action_time": "2021-09-23T15:43:30.624Z", "user": 1, "content_type": 8, "object_id": "9", "object_repr": "3333 / 4444", "action_flag": 2, "change_message": "[]"}}, {"model": "admin.logentry", "pk": 14, "fields": {"action_time": "2021-09-23T15:43:47.238Z", "user": 1, "content_type": 8, "object_id": "10", "object_repr": "33331 / 4444", "action_flag": 1, "change_message": "[{\"added\": {}}]"}}, {"model": "admin.logentry", "pk": 15, "fields": {"action_time": "2021-09-23T15:43:53.230Z", "user": 1, "content_type": 8, "object_id": "10", "object_repr": "33331 / 4444", "action_flag": 3, "change_message": ""}}, {"model": "admin.logentry", "pk": 16, "fields": {"action_time": "2021-09-23T15:44:58.238Z", "user": 1, "content_type": 10, "object_id": "4", "object_repr": "Операторы персональных данных / 1.1 / 2021-09-15 13:05:00+03:00", "action_flag": 2, "change_message": "[{\"added\": {\"name\": \"items version\", \"object\": \"\\u041e\\u043f\\u0435\\u0440\\u0430\\u0442\\u043e\\u0440\\u044b \\u043f\\u0435\\u0440\\u0441\\u043e\\u043d\\u0430\\u043b\\u044c\\u043d\\u044b\\u0445 \\u0434\\u0430\\u043d\\u043d\\u044b\\u0445 / 1.1 / 2021-09-15 13:05:00+03:00 / 3333\"}}]"}}, {"model": "admin.logentry", "pk": 17, "fields": {"action_time": "2021-09-23T15:45:10.942Z", "user": 1, "content_type": 8, "object_id": "11", "object_repr": "555 / 6666", "action_flag": 1, "change_message": "[{\"added\": {}}]"}}, {"model": "admin.logentry", "pk": 18, "fields": {"action_time": "2021-09-23T15:47:43.579Z", "user": 1, "content_type": 8, "object_id": "12", "object_repr": "4444 / 5555", "action_flag": 1, "change_message": "[{\"added\": {}}]"}}, {"model": "admin.logentry", "pk": 19, "fields": {"action_time": "2021-09-23T15:47:45.312Z", "user": 1, "content_type": 10, "object_id": "4", "object_repr": "Операторы персональных данных / 1.1 / 2021-09-15 13:05:00+03:00", "action_flag": 2, "change_message": "[{\"added\": {\"name\": \"items version\", \"object\": \"\\u041e\\u043f\\u0435\\u0440\\u0430\\u0442\\u043e\\u0440\\u044b \\u043f\\u0435\\u0440\\u0441\\u043e\\u043d\\u0430\\u043b\\u044c\\u043d\\u044b\\u0445 \\u0434\\u0430\\u043d\\u043d\\u044b\\u0445 / 1.1 / 2021-09-15 13:05:00+03:00 / 4444\"}}, {\"deleted\": {\"name\": \"items version\", \"object\": \"\\u041e\\u043f\\u0435\\u0440\\u0430\\u0442\\u043e\\u0440\\u044b \\u043f\\u0435\\u0440\\u0441\\u043e\\u043d\\u0430\\u043b\\u044c\\u043d\\u044b\\u0445 \\u0434\\u0430\\u043d\\u043d\\u044b\\u0445 / 1.1 / 2021-09-15 13:05:00+03:00 / 3333\"}}]"}}, {"model": "admin.logentry", "pk": 20, "fields": {"action_time": "2021-09-23T15:48:18.565Z", "user": 1, "content_type": 10, "object_id": "4", "object_repr": "Операторы персональных данных / 1.1 / 2021-09-15 13:05:00+03:00", "action_flag": 2, "change_message": "[{\"added\": {\"name\": \"items version\", \"object\": \"\\u041e\\u043f\\u0435\\u0440\\u0430\\u0442\\u043e\\u0440\\u044b \\u043f\\u0435\\u0440\\u0441\\u043e\\u043d\\u0430\\u043b\\u044c\\u043d\\u044b\\u0445 \\u0434\\u0430\\u043d\\u043d\\u044b\\u0445 / 1.1 / 2021-09-15 13:05:00+03:00 / 3333\"}}]"}}, {"model": "admin.logentry", "pk": 21, "fields": {"action_time": "2021-09-23T15:48:43.600Z", "user": 1, "content_type": 10, "object_id": "4", "object_repr": "Операторы персональных данных / 1.1 / 2021-09-15 13:05:00+03:00", "action_flag": 2, "change_message": "[{\"changed\": {\"name\": \"items version\", \"object\": \"\\u041e\\u043f\\u0435\\u0440\\u0430\\u0442\\u043e\\u0440\\u044b \\u043f\\u0435\\u0440\\u0441\\u043e\\u043d\\u0430\\u043b\\u044c\\u043d\\u044b\\u0445 \\u0434\\u0430\\u043d\\u043d\\u044b\\u0445 / 1.1 / 2021-09-15 13:05:00+03:00 / 555\", \"fields\": [\"\\u042d\\u043b\\u0435\\u043c\\u0435\\u043d\\u0442 \\u0441\\u043f\\u0440\\u0430\\u0432\\u043e\\u0447\\u043d\\u0438\\u043a\\u0430\"]}}]"}}, {"model": "admin.logentry", "pk": 22, "fields": {"action_time": "2021-09-23T15:48:55.585Z", "user": 1, "content_type": 10, "object_id": "4", "object_repr": "Операторы персональных данных / 1.1 / 2021-09-15 10:05:00+00:00", "action_flag": 3, "change_message": ""}}, {"model": "admin.logentry", "pk": 23, "fields": {"action_time": "2021-09-23T15:49:20.699Z", "user": 1, "content_type": 8, "object_id": "9", "object_repr": "3333 / 4444", "action_flag": 3, "change_message": ""}}, {"model": "admin.logentry", "pk": 24, "fields": {"action_time": "2021-09-23T15:49:20.712Z", "user": 1, "content_type": 8, "object_id": "12", "object_repr": "4444 / 5555", "action_flag": 3, "change_message": ""}}, {"model": "admin.logentry", "pk": 25, "fields": {"action_time": "2021-09-23T15:49:20.717Z", "user": 1, "content_type": 8, "object_id": "11", "object_repr": "555 / 6666", "action_flag": 3, "change_message": ""}}, {"model": "admin.logentry", "pk": 26, "fields": {"action_time": "2021-09-23T15:52:39.586Z", "user": 1, "content_type": 7, "object_id": "10", "object_repr": "1.2.643.5.1.13.13.99.2.860 / Операторы персональных данных", "action_flag": 3, "change_message": ""}}, {"model": "admin.logentry", "pk": 27, "fields": {"action_time": "2021-09-23T15:52:39.598Z", "user": 1, "content_type": 7, "object_id": "11", "object_repr": "1.2.643.5.1.13.13.99.2.725 / Перечень заключений в медицинских документах", "action_flag": 3, "change_message": ""}}, {"model": "admin.logentry", "pk": 28, "fields": {"action_time": "2021-09-23T15:52:39.603Z", "user": 1, "content_type": 7, "object_id": "1", "object_repr": "1.2.643.5.1.13.13.99.2.611 / Узлы СМНН. ЕСКЛП", "action_flag": 3, "change_message": ""}}, {"model": "admin.logentry", "pk": 29, "fields": {"action_time": "2021-09-23T15:52:39.608Z", "user": 1, "content_type": 7, "object_id": "5", "object_repr": "1.2.643.5.1.13.13.99.2.308 / Реестр ПВП (ФОМС)", "action_flag": 3, "change_message": ""}}, {"model": "admin.logentry", "pk": 30, "fields": {"action_time": "2021-09-23T15:52:39.613Z", "user": 1, "content_type": 7, "object_id": "2", "object_repr": "1.2.643.5.1.13.13.99.2.166 / Справочник кодируемых полей", "action_flag": 3, "change_message": ""}}, {"model": "admin.logentry", "pk": 31, "fields": {"action_time": "2021-09-23T15:52:39.619Z", "user": 1, "content_type": 7, "object_id": "3", "object_repr": "1.2.643.5.1.13.13.99.2.114 / ФРМО. Справочник структурных подразделений", "action_flag": 3, "change_message": ""}}, {"model": "admin.logentry", "pk": 32, "fields": {"action_time": "2021-09-23T15:52:39.624Z", "user": 1, "content_type": 7, "object_id": "8", "object_repr": "1.2.643.5.1.13.13.11.1554 / Этапы талона на оказание ВМП", "action_flag": 3, "change_message": ""}}, {"model": "admin.logentry", "pk": 33, "fields": {"action_time": "2021-09-23T15:52:39.630Z", "user": 1, "content_type": 7, "object_id": "7", "object_repr": "1.2.643.5.1.13.13.11.1522 / Виды медицинской документации", "action_flag": 3, "change_message": ""}}, {"model": "admin.logentry", "pk": 34, "fields": {"action_time": "2021-09-23T15:52:39.635Z", "user": 1, "content_type": 7, "object_id": "9", "object_repr": "1.2.643.5.1.13.13.11.1038 / Социальные группы населения в учетной медицинской документации", "action_flag": 3, "change_message": ""}}, {"model": "admin.logentry", "pk": 35, "fields": {"action_time": "2021-09-24T07:13:37.331Z", "user": 1, "content_type": 10, "object_id": "5", "object_repr": "Операторы персональных данных / 1.1 / 2021-09-15 13:05:00+03:00", "action_flag": 1, "change_message": "[{\"added\": {}}, {\"added\": {\"name\": \"items version\", \"object\": \"\\u041e\\u043f\\u0435\\u0440\\u0430\\u0442\\u043e\\u0440\\u044b \\u043f\\u0435\\u0440\\u0441\\u043e\\u043d\\u0430\\u043b\\u044c\\u043d\\u044b\\u0445 \\u0434\\u0430\\u043d\\u043d\\u044b\\u0445 / 1.1 / 2021-09-15 13:05:00+03:00 / 1\"}}, {\"added\": {\"name\": \"items version\", \"object\": \"\\u041e\\u043f\\u0435\\u0440\\u0430\\u0442\\u043e\\u0440\\u044b \\u043f\\u0435\\u0440\\u0441\\u043e\\u043d\\u0430\\u043b\\u044c\\u043d\\u044b\\u0445 \\u0434\\u0430\\u043d\\u043d\\u044b\\u0445 / 1.1 / 2021-09-15 13:05:00+03:00 / 2\"}}]"}}, {"model": "admin.logentry", "pk": 36, "fields": {"action_time": "2021-09-24T07:15:02.033Z", "user": 1, "content_type": 10, "object_id": "6", "object_repr": "Перечень заключений в медицинских документах / 1.9 / 2021-09-13 17:06:00+03:00", "action_flag": 1, "change_message": "[{\"added\": {}}, {\"added\": {\"name\": \"items version\", \"object\": \"\\u041f\\u0435\\u0440\\u0435\\u0447\\u0435\\u043d\\u044c \\u0437\\u0430\\u043a\\u043b\\u044e\\u0447\\u0435\\u043d\\u0438\\u0439 \\u0432 \\u043c\\u0435\\u0434\\u0438\\u0446\\u0438\\u043d\\u0441\\u043a\\u0438\\u0445 \\u0434\\u043e\\u043a\\u0443\\u043c\\u0435\\u043d\\u0442\\u0430\\u0445 / 1.9 / 2021-09-13 17:06:00+03:00 / 1\"}}, {\"added\": {\"name\": \"items version\", \"object\": \"\\u041f\\u0435\\u0440\\u0435\\u0447\\u0435\\u043d\\u044c \\u0437\\u0430\\u043a\\u043b\\u044e\\u0447\\u0435\\u043d\\u0438\\u0439 \\u0432 \\u043c\\u0435\\u0434\\u0438\\u0446\\u0438\\u043d\\u0441\\u043a\\u0438\\u0445 \\u0434\\u043e\\u043a\\u0443\\u043c\\u0435\\u043d\\u0442\\u0430\\u0445 / 1.9 / 2021-09-13 17:06:00+03:00 / 2\"}}, {\"added\": {\"name\": \"items version\", \"object\": \"\\u041f\\u0435\\u0440\\u0435\\u0447\\u0435\\u043d\\u044c \\u0437\\u0430\\u043a\\u043b\\u044e\\u0447\\u0435\\u043d\\u0438\\u0439 \\u0432 \\u043c\\u0435\\u0434\\u0438\\u0446\\u0438\\u043d\\u0441\\u043a\\u0438\\u0445 \\u0434\\u043e\\u043a\\u0443\\u043c\\u0435\\u043d\\u0442\\u0430\\u0445 / 1.9 / 2021-09-13 17:06:00+03:00 / 3\"}}, {\"added\": {\"name\": \"items version\", \"object\": \"\\u041f\\u0435\\u0440\\u0435\\u0447\\u0435\\u043d\\u044c \\u0437\\u0430\\u043a\\u043b\\u044e\\u0447\\u0435\\u043d\\u0438\\u0439 \\u0432 \\u043c\\u0435\\u0434\\u0438\\u0446\\u0438\\u043d\\u0441\\u043a\\u0438\\u0445 \\u0434\\u043e\\u043a\\u0443\\u043c\\u0435\\u043d\\u0442\\u0430\\u0445 / 1.9 / 2021-09-13 17:06:00+03:00 / 4\"}}]"}}, {"model": "admin.logentry", "pk": 37, "fields": {"action_time": "2021-09-24T07:15:36.749Z", "user": 1, "content_type": 10, "object_id": "7", "object_repr": "Перечень заключений в медицинских документах / 1.5 / 2021-05-18 16:35:00+03:00", "action_flag": 1, "change_message": "[{\"added\": {}}, {\"added\": {\"name\": \"items version\", \"object\": \"\\u041f\\u0435\\u0440\\u0435\\u0447\\u0435\\u043d\\u044c \\u0437\\u0430\\u043a\\u043b\\u044e\\u0447\\u0435\\u043d\\u0438\\u0439 \\u0432 \\u043c\\u0435\\u0434\\u0438\\u0446\\u0438\\u043d\\u0441\\u043a\\u0438\\u0445 \\u0434\\u043e\\u043a\\u0443\\u043c\\u0435\\u043d\\u0442\\u0430\\u0445 / 1.5 / 2021-05-18 16:35:00+03:00 / 1\"}}, {\"added\": {\"name\": \"items version\", \"object\": \"\\u041f\\u0435\\u0440\\u0435\\u0447\\u0435\\u043d\\u044c \\u0437\\u0430\\u043a\\u043b\\u044e\\u0447\\u0435\\u043d\\u0438\\u0439 \\u0432 \\u043c\\u0435\\u0434\\u0438\\u0446\\u0438\\u043d\\u0441\\u043a\\u0438\\u0445 \\u0434\\u043e\\u043a\\u0443\\u043c\\u0435\\u043d\\u0442\\u0430\\u0445 / 1.5 / 2021-05-18 16:35:00+03:00 / 2\"}}]"}}, {"model": "admin.logentry", "pk": 38, "fields": {"action_time": "2021-09-24T07:16:30.409Z", "user": 1, "content_type": 10, "object_id": "8", "object_repr": "Узлы СМНН. ЕСКЛП / 4.21 / 2021-09-22 14:46:00+03:00", "action_flag": 1, "change_message": "[{\"added\": {}}, {\"added\": {\"name\": \"items version\", \"object\": \"\\u0423\\u0437\\u043b\\u044b \\u0421\\u041c\\u041d\\u041d. \\u0415\\u0421\\u041a\\u041b\\u041f / 4.21 / 2021-09-22 14:46:00+03:00 / 21.10.51.121-000001-1-00110-0000000000000\"}}, {\"added\": {\"name\": \"items version\", \"object\": \"\\u0423\\u0437\\u043b\\u044b \\u0421\\u041c\\u041d\\u041d. \\u0415\\u0421\\u041a\\u041b\\u041f / 4.21 / 2021-09-22 14:46:00+03:00 / 21.10.51.121-000003-1-00171-0000000000000\"}}, {\"added\": {\"name\": \"items version\", \"object\": \"\\u0423\\u0437\\u043b\\u044b \\u0421\\u041c\\u041d\\u041d. \\u0415\\u0421\\u041a\\u041b\\u041f / 4.21 / 2021-09-22 14:46:00+03:00 / 21.10.51.121-000016-1-00043-0000000000000\"}}]"}}, {"model": "admin.logentry", "pk": 39, "fields": {"action_time": "2021-09-24T07:16:59.437Z", "user": 1, "content_type": 10, "object_id": "9", "object_repr": "Узлы СМНН. ЕСКЛП / 4.10 / 2021-08-19 12:31:00+03:00", "action_flag": 1, "change_message": "[{\"added\": {}}, {\"added\": {\"name\": \"items version\", \"object\": \"\\u0423\\u0437\\u043b\\u044b \\u0421\\u041c\\u041d\\u041d. \\u0415\\u0421\\u041a\\u041b\\u041f / 4.10 / 2021-08-19 12:31:00+03:00 / 21.10.51.121-000001-1-00110-0000000000000\"}}]"}}, {"model": "admin.logentry", "pk": 40, "fields": {"action_time": "2021-09-24T07:18:04.165Z", "user": 1, "content_type": 10, "object_id": "10", "object_repr": "Реестр ПВП (ФОМС) / 2.305 / 2021-09-23 20:00:00+03:00", "action_flag": 1, "change_message": "[{\"added\": {}}, {\"added\": {\"name\": \"items version\", \"object\": \"\\u0420\\u0435\\u0435\\u0441\\u0442\\u0440 \\u041f\\u0412\\u041f (\\u0424\\u041e\\u041c\\u0421) / 2.305 / 2021-09-23 20:00:00+03:00 / 01003\"}}, {\"added\": {\"name\": \"items version\", \"object\": \"\\u0420\\u0435\\u0435\\u0441\\u0442\\u0440 \\u041f\\u0412\\u041f (\\u0424\\u041e\\u041c\\u0421) / 2.305 / 2021-09-23 20:00:00+03:00 / 01003\"}}, {\"added\": {\"name\": \"items version\", \"object\": \"\\u0420\\u0435\\u0435\\u0441\\u0442\\u0440 \\u041f\\u0412\\u041f (\\u0424\\u041e\\u041c\\u0421) / 2.305 / 2021-09-23 20:00:00+03:00 / 01003\"}}, {\"added\": {\"name\": \"items version\", \"object\": \"\\u0420\\u0435\\u0435\\u0441\\u0442\\u0440 \\u041f\\u0412\\u041f (\\u0424\\u041e\\u041c\\u0421) / 2.305 / 2021-09-23 20:00:00+03:00 / 01003\"}}]"}}, {"model": "admin.logentry", "pk": 41, "fields": {"action_time": "2021-09-24T07:18:38.382Z", "user": 1, "content_type": 10, "object_id": "11", "object_repr": "Реестр ПВП (ФОМС) / 2.292 / 2021-08-27 20:00:00+03:00", "action_flag": 1, "change_message": "[{\"added\": {}}, {\"added\": {\"name\": \"items version\", \"object\": \"\\u0420\\u0435\\u0435\\u0441\\u0442\\u0440 \\u041f\\u0412\\u041f (\\u0424\\u041e\\u041c\\u0421) / 2.292 / 2021-08-27 20:00:00+03:00 / 01003\"}}, {\"added\": {\"name\": \"items version\", \"object\": \"\\u0420\\u0435\\u0435\\u0441\\u0442\\u0440 \\u041f\\u0412\\u041f (\\u0424\\u041e\\u041c\\u0421) / 2.292 / 2021-08-27 20:00:00+03:00 / 01003\"}}]"}}, {"model": "admin.logentry", "pk": 42, "fields": {"action_time": "2021-09-24T07:22:18.906Z", "user": 1, "content_type": 10, "object_id": "12", "object_repr": "Справочник кодируемых полей / 1.66 / 2021-09-22 12:25:00+03:00", "action_flag": 1, "change_message": "[{\"added\": {}}, {\"added\": {\"name\": \"items version\", \"object\": \"\\u0421\\u043f\\u0440\\u0430\\u0432\\u043e\\u0447\\u043d\\u0438\\u043a \\u043a\\u043e\\u0434\\u0438\\u0440\\u0443\\u0435\\u043c\\u044b\\u0445 \\u043f\\u043e\\u043b\\u0435\\u0439 / 1.66 / 2021-09-22 12:25:00+03:00 / 30\"}}, {\"added\": {\"name\": \"items version\", \"object\": \"\\u0421\\u043f\\u0440\\u0430\\u0432\\u043e\\u0447\\u043d\\u0438\\u043a \\u043a\\u043e\\u0434\\u0438\\u0440\\u0443\\u0435\\u043c\\u044b\\u0445 \\u043f\\u043e\\u043b\\u0435\\u0439 / 1.66 / 2021-09-22 12:25:00+03:00 / 50\"}}]"}}, {"model": "admin.logentry", "pk": 43, "fields": {"action_time": "2021-09-24T07:24:05.114Z", "user": 1, "content_type": 10, "object_id": "13", "object_repr": "ФРМО. Справочник структурных подразделений / 2.869 / 2021-09-24 02:41:00+03:00", "action_flag": 1, "change_message": "[{\"added\": {}}, {\"added\": {\"name\": \"items version\", \"object\": \"\\u0424\\u0420\\u041c\\u041e. \\u0421\\u043f\\u0440\\u0430\\u0432\\u043e\\u0447\\u043d\\u0438\\u043a \\u0441\\u0442\\u0440\\u0443\\u043a\\u0442\\u0443\\u0440\\u043d\\u044b\\u0445 \\u043f\\u043e\\u0434\\u0440\\u0430\\u0437\\u0434\\u0435\\u043b\\u0435\\u043d\\u0438\\u0439 / 2.869 / 2021-09-24 02:41:00+03:00 / 1.2.643.5.1.13.13.12.2.10.10195.0.250355\"}}, {\"added\": {\"name\": \"items version\", \"object\": \"\\u0424\\u0420\\u041c\\u041e. \\u0421\\u043f\\u0440\\u0430\\u0432\\u043e\\u0447\\u043d\\u0438\\u043a \\u0441\\u0442\\u0440\\u0443\\u043a\\u0442\\u0443\\u0440\\u043d\\u044b\\u0445 \\u043f\\u043e\\u0434\\u0440\\u0430\\u0437\\u0434\\u0435\\u043b\\u0435\\u043d\\u0438\\u0439 / 2.869 / 2021-09-24 02:41:00+03:00 / 1.2.643.5.1.13.2.7.5.1.1\"}}]"}}, {"model": "admin.logentry", "pk": 44, "fields": {"action_time": "2021-09-24T07:25:08.862Z", "user": 1, "content_type": 10, "object_id": "14", "object_repr": "Этапы талона на оказание ВМП / 1.1 / 2021-09-17 15:52:00+03:00", "action_flag": 1, "change_message": "[{\"added\": {}}, {\"added\": {\"name\": \"items version\", \"object\": \"\\u042d\\u0442\\u0430\\u043f\\u044b \\u0442\\u0430\\u043b\\u043e\\u043d\\u0430 \\u043d\\u0430 \\u043e\\u043a\\u0430\\u0437\\u0430\\u043d\\u0438\\u0435 \\u0412\\u041c\\u041f / 1.1 / 2021-09-17 15:52:00+03:00 / 1 \\u044d\\u0442\\u0430\\u043f\"}}, {\"added\": {\"name\": \"items version\", \"object\": \"\\u042d\\u0442\\u0430\\u043f\\u044b \\u0442\\u0430\\u043b\\u043e\\u043d\\u0430 \\u043d\\u0430 \\u043e\\u043a\\u0430\\u0437\\u0430\\u043d\\u0438\\u0435 \\u0412\\u041c\\u041f / 1.1 / 2021-09-17 15:52:00+03:00 / 2 \\u044d\\u0442\\u0430\\u043f\"}}]"}}, {"model": "admin.logentry", "pk": 45, "fields": {"action_time": "2021-09-24T07:25:51.152Z", "user": 1, "content_type": 10, "object_id": "15", "object_repr": "Виды медицинской документации / 4.38 / 2021-09-17 15:59:00+03:00", "action_flag": 1, "change_message": "[{\"added\": {}}, {\"added\": {\"name\": \"items version\", \"object\": \"\\u0412\\u0438\\u0434\\u044b \\u043c\\u0435\\u0434\\u0438\\u0446\\u0438\\u043d\\u0441\\u043a\\u043e\\u0439 \\u0434\\u043e\\u043a\\u0443\\u043c\\u0435\\u043d\\u0442\\u0430\\u0446\\u0438\\u0438 / 4.38 / 2021-09-17 15:59:00+03:00 / 1.2.643.5.1.13.13.12.2.10.10195.0.250355\"}}, {\"added\": {\"name\": \"items version\", \"object\": \"\\u0412\\u0438\\u0434\\u044b \\u043c\\u0435\\u0434\\u0438\\u0446\\u0438\\u043d\\u0441\\u043a\\u043e\\u0439 \\u0434\\u043e\\u043a\\u0443\\u043c\\u0435\\u043d\\u0442\\u0430\\u0446\\u0438\\u0438 / 4.38 / 2021-09-17 15:59:00+03:00 / 1.2.643.5.1.13.2.7.5.1.1\"}}]"}}, {"model": "admin.logentry", "pk": 46, "fields": {"action_time": "2021-09-24T07:26:49.168Z", "user": 1, "content_type": 10, "object_id": "16", "object_repr": "Социальные группы населения в учетной медицинской документации / 8.1 / 2021-09-17 15:55:00+03:00", "action_flag": 1, "change_message": "[{\"added\": {}}, {\"added\": {\"name\": \"items version\", \"object\": \"\\u0421\\u043e\\u0446\\u0438\\u0430\\u043b\\u044c\\u043d\\u044b\\u0435 \\u0433\\u0440\\u0443\\u043f\\u043f\\u044b \\u043d\\u0430\\u0441\\u0435\\u043b\\u0435\\u043d\\u0438\\u044f \\u0432 \\u0443\\u0447\\u0435\\u0442\\u043d\\u043e\\u0439 \\u043c\\u0435\\u0434\\u0438\\u0446\\u0438\\u043d\\u0441\\u043a\\u043e\\u0439 \\u0434\\u043e\\u043a\\u0443\\u043c\\u0435\\u043d\\u0442\\u0430\\u0446\\u0438\\u0438 / 8.1 / 2021-09-17 15:55:00+03:00 / \\u0414\\u043e\\u0448\\u043a\\u043e\\u043b\\u044c\\u043d\\u0438\\u043a \\u043d\\u0435\\u043e\\u0440\\u0433\\u0430\\u043d\\u0438\\u0437\\u043e\\u0432\\u0430\\u043d\\u043d\\u044b\\u0439\"}}]"}}, {"model": "admin.logentry", "pk": 47, "fields": {"action_time": "2021-10-01T09:15:07.821Z", "user": 1, "content_type": 7, "object_id": "19", "object_repr": "1.2.643.5.1.13.13.99.2.860 / Операторы персональных данных", "action_flag": 2, "change_message": "[{\"added\": {\"name\": \"\\u0412\\u0435\\u0440\\u0441\\u0438\\u044f \\u0441\\u043f\\u0440\\u0430\\u0432\\u043e\\u0447\\u043d\\u0438\\u043a\\u0430\", \"object\": \"\\u041e\\u043f\\u0435\\u0440\\u0430\\u0442\\u043e\\u0440\\u044b \\u043f\\u0435\\u0440\\u0441\\u043e\\u043d\\u0430\\u043b\\u044c\\u043d\\u044b\\u0445 \\u0434\\u0430\\u043d\\u043d\\u044b\\u0445 / 1.0 / 2021-09-01 20:35:00+03:00\"}}]"}}, {"model": "admin.logentry", "pk": 48, "fields": {"action_time": "2021-10-01T09:15:38.033Z", "user": 1, "content_type": 10, "object_id": "17", "object_repr": "Операторы персональных данных / 1.0 / 2021-09-01 20:35:00+03:00", "action_flag": 2, "change_message": "[{\"added\": {\"name\": \"items version\", \"object\": \"\\u041e\\u043f\\u0435\\u0440\\u0430\\u0442\\u043e\\u0440\\u044b \\u043f\\u0435\\u0440\\u0441\\u043e\\u043d\\u0430\\u043b\\u044c\\u043d\\u044b\\u0445 \\u0434\\u0430\\u043d\\u043d\\u044b\\u0445 / 1.0 / 2021-09-01 20:35:00+03:00 / 1\"}}]"}}, {"model": "admin.logentry", "pk": 49, "fields": {"action_time": "2021-10-01T12:37:51.491Z", "user": 1, "content_type": 10, "object_id": "5", "object_repr": "Операторы персональных данных / 1.2 / 2021-09-15 13:05:00+03:00", "action_flag": 2, "change_message": "[{\"changed\": {\"fields\": [\"\\u0412\\u0435\\u0440\\u0441\\u0438\\u044f \\u0441\\u043f\\u0440\\u0430\\u0432\\u043e\\u0447\\u043d\\u0438\\u043a\\u0430\"]}}]"}}, {"model": "admin.logentry", "pk": 50, "fields": {"action_time": "2021-10-01T12:38:37.872Z", "user": 1, "content_type": 10, "object_id": "18", "object_repr": "Операторы персональных данных / 1.1 / 2021-08-30 15:38:02+03:00", "action_flag": 1, "change_message": "[{\"added\": {}}, {\"added\": {\"name\": \"items version\", \"object\": \"\\u041e\\u043f\\u0435\\u0440\\u0430\\u0442\\u043e\\u0440\\u044b \\u043f\\u0435\\u0440\\u0441\\u043e\\u043d\\u0430\\u043b\\u044c\\u043d\\u044b\\u0445 \\u0434\\u0430\\u043d\\u043d\\u044b\\u0445 / 1.1 / 2021-08-30 15:38:02+03:00 / 1\"}}]"}}, {"model": "admin.logentry", "pk": 51, "fields": {"action_time": "2021-10-01T12:39:28.397Z", "user": 1, "content_type": 10, "object_id": "18", "object_repr": "Операторы персональных данных / 1.1 / 2021-09-02 15:38:02+03:00", "action_flag": 2, "change_message": "[{\"changed\": {\"fields\": [\"\\u0414\\u0430\\u0442\\u0430 \\u043f\\u0443\\u0431\\u043b\\u0438\\u043a\\u0430\\u0446\\u0438\\u0438 \\u0441\\u043f\\u0440\\u0430\\u0432\\u043e\\u0447\\u043d\\u0438\\u043a\\u0430\"]}}]"}}, {"model": "admin.logentry", "pk": 52, "fields": {"action_time": "2021-10-01T12:47:58.605Z", "user": 1, "content_type": 7, "object_id": "19", "object_repr": "1.2.643.5.1.13.13.99.2.860 / Операторы персональных данных", "action_flag": 2, "change_message": "[]"}}, {"model": "admin.logentry", "pk": 53, "fields": {"action_time": "2021-10-01T14:40:45.469Z", "user": 1, "content_type": 10, "object_id": "18", "object_repr": "Операторы персональных данных / 1.1 / 2021-09-02 15:38:02+03:00", "action_flag": 2, "change_message": "[]"}}, {"model": "admin.logentry", "pk": 54, "fields": {"action_time": "2021-10-01T15:03:43.949Z", "user": 1, "content_type": 10, "object_id": "18", "object_repr": "Операторы персональных данных / 1.1 / 2021-09-02 15:38:02+03:00", "action_flag": 2, "change_message": "[{\"changed\": {\"name\": \"items version\", \"object\": \"\\u041e\\u043f\\u0435\\u0440\\u0430\\u0442\\u043e\\u0440\\u044b \\u043f\\u0435\\u0440\\u0441\\u043e\\u043d\\u0430\\u043b\\u044c\\u043d\\u044b\\u0445 \\u0434\\u0430\\u043d\\u043d\\u044b\\u0445 / 1.1 / 2021-09-02 15:38:02+03:00 / 2\", \"fields\": [\"\\u042d\\u043b\\u0435\\u043c\\u0435\\u043d\\u0442 \\u0441\\u043f\\u0440\\u0430\\u0432\\u043e\\u0447\\u043d\\u0438\\u043a\\u0430\"]}}]"}}, {"model": "auth.permission", "pk": 1, "fields": {"name": "Can add log entry", "content_type": 1, "codename": "add_logentry"}}, {"model": "auth.permission", "pk": 2, "fields": {"name": "Can change log entry", "content_type": 1, "codename": "change_logentry"}}, {"model": "auth.permission", "pk": 3, "fields": {"name": "Can delete log entry", "content_type": 1, "codename": "delete_logentry"}}, {"model": "auth.permission", "pk": 4, "fields": {"name": "Can view log entry", "content_type": 1, "codename": "view_logentry"}}, {"model": "auth.permission", "pk": 5, "fields": {"name": "Can add permission", "content_type": 2, "codename": "add_permission"}}, {"model": "auth.permission", "pk": 6, "fields": {"name": "Can change permission", "content_type": 2, "codename": "change_permission"}}, {"model": "auth.permission", "pk": 7, "fields": {"name": "Can delete permission", "content_type": 2, "codename": "delete_permission"}}, {"model": "auth.permission", "pk": 8, "fields": {"name": "Can view permission", "content_type": 2, "codename": "view_permission"}}, {"model": "auth.permission", "pk": 9, "fields": {"name": "Can add group", "content_type": 3, "codename": "add_group"}}, {"model": "auth.permission", "pk": 10, "fields": {"name": "Can change group", "content_type": 3, "codename": "change_group"}}, {"model": "auth.permission", "pk": 11, "fields": {"name": "Can delete group", "content_type": 3, "codename": "delete_group"}}, {"model": "auth.permission", "pk": 12, "fields": {"name": "Can view group", "content_type": 3, "codename": "view_group"}}, {"model": "auth.permission", "pk": 13, "fields": {"name": "Can add user", "content_type": 4, "codename": "add_user"}}, {"model": "auth.permission", "pk": 14, "fields": {"name": "Can change user", "content_type": 4, "codename": "change_user"}}, {"model": "auth.permission", "pk": 15, "fields": {"name": "Can delete user", "content_type": 4, "codename": "delete_user"}}, {"model": "auth.permission", "pk": 16, "fields": {"name": "Can view user", "content_type": 4, "codename": "view_user"}}, {"model": "auth.permission", "pk": 17, "fields": {"name": "Can add content type", "content_type": 5, "codename": "add_contenttype"}}, {"model": "auth.permission", "pk": 18, "fields": {"name": "Can change content type", "content_type": 5, "codename": "change_contenttype"}}, {"model": "auth.permission", "pk": 19, "fields": {"name": "Can delete content type", "content_type": 5, "codename": "delete_contenttype"}}, {"model": "auth.permission", "pk": 20, "fields": {"name": "Can view content type", "content_type": 5, "codename": "view_contenttype"}}, {"model": "auth.permission", "pk": 21, "fields": {"name": "Can add session", "content_type": 6, "codename": "add_session"}}, {"model": "auth.permission", "pk": 22, "fields": {"name": "Can change session", "content_type": 6, "codename": "change_session"}}, {"model": "auth.permission", "pk": 23, "fields": {"name": "Can delete session", "content_type": 6, "codename": "delete_session"}}, {"model": "auth.permission", "pk": 24, "fields": {"name": "Can view session", "content_type": 6, "codename": "view_session"}}, {"model": "auth.permission", "pk": 25, "fields": {"name": "Can add Справочник", "content_type": 7, "codename": "add_directory"}}, {"model": "auth.permission", "pk": 26, "fields": {"name": "Can change Справочник", "content_type": 7, "codename": "change_directory"}}, {"model": "auth.permission", "pk": 27, "fields": {"name": "Can delete Справочник", "content_type": 7, "codename": "delete_directory"}}, {"model": "auth.permission", "pk": 28, "fields": {"name": "Can view Справочник", "content_type": 7, "codename": "view_directory"}}, {"model": "auth.permission", "pk": 29, "fields": {"name": "Can add Элемент справочника", "content_type": 8, "codename": "add_item"}}, {"model": "auth.permission", "pk": 30, "fields": {"name": "Can change Элемент справочника", "content_type": 8, "codename": "change_item"}}, {"model": "auth.permission", "pk": 31, "fields": {"name": "Can delete Элемент справочника", "content_type": 8, "codename": "delete_item"}}, {"model": "auth.permission", "pk": 32, "fields": {"name": "Can view Элемент справочника", "content_type": 8, "codename": "view_item"}}, {"model": "auth.permission", "pk": 33, "fields": {"name": "Can add items version", "content_type": 9, "codename": "add_itemsversion"}}, {"model": "auth.permission", "pk": 34, "fields": {"name": "Can change items version", "content_type": 9, "codename": "change_itemsversion"}}, {"model": "auth.permission", "pk": 35, "fields": {"name": "Can delete items version", "content_type": 9, "codename": "delete_itemsversion"}}, {"model": "auth.permission", "pk": 36, "fields": {"name": "Can view items version", "content_type": 9, "codename": "view_itemsversion"}}, {"model": "auth.permission", "pk": 37, "fields": {"name": "Can add Версия справочника", "content_type": 10, "codename": "add_version"}}, {"model": "auth.permission", "pk": 38, "fields": {"name": "Can change Версия справочника", "content_type": 10, "codename": "change_version"}}, {"model": "auth.permission", "pk": 39, "fields": {"name": "Can delete Версия справочника", "content_type": 10, "codename": "delete_version"}}, {"model": "auth.permission", "pk": 40, "fields": {"name": "Can view Версия справочника", "content_type": 10, "codename": "view_version"}}, {"model": "auth.user", "pk": 1, "fields": {"password": "pbkdf2_sha256$260000$KKmfiOh3ERHgsUITim6wqo$j8yFAcVDUdENgKqqWFGC2RnfksbIXWBJy6D3aYI6OOk=", "last_login": "2021-10-01T08:46:59.550Z", "is_superuser": true, "username": "ne4istii", "first_name": "", "last_name": "", "email": "", "is_staff": true, "is_active": true, "date_joined": "2021-09-23T14:33:46.226Z", "groups": [], "user_permissions": []}}, {"model": "contenttypes.contenttype", "pk": 1, "fields": {"app_label": "admin", "model": "logentry"}}, {"model": "contenttypes.contenttype", "pk": 2, "fields": {"app_label": "auth", "model": "permission"}}, {"model": "contenttypes.contenttype", "pk": 3, "fields": {"app_label": "auth", "model": "group"}}, {"model": "contenttypes.contenttype", "pk": 4, "fields": {"app_label": "auth", "model": "user"}}, {"model": "contenttypes.contenttype", "pk": 5, "fields": {"app_label": "contenttypes", "model": "contenttype"}}, {"model": "contenttypes.contenttype", "pk": 6, "fields": {"app_label": "sessions", "model": "session"}}, {"model": "contenttypes.contenttype", "pk": 7, "fields": {"app_label": "directories", "model": "directory"}}, {"model": "contenttypes.contenttype", "pk": 8, "fields": {"app_label": "directories", "model": "item"}}, {"model": "contenttypes.contenttype", "pk": 9, "fields": {"app_label": "directories", "model": "itemsversion"}}, {"model": "contenttypes.contenttype", "pk": 10, "fields": {"app_label": "directories", "model": "version"}}, {"model": "sessions.session", "pk": "87vy8x35z1aph4ivc26g8dwx6elrzu7p", "fields": {"session_data": ".eJxVjMsOwiAQRf-FtSHCwAAu3fcbCAMztmrapI-V8d-1SRe6veec-1K5bGuft4XnPDR1UUadfjcq9cHjDtq9jLdJ12lc54H0ruiDLrqbGj-vh_t30Jel_9YAiCZax-QdUThXa5zEmhAjhdiEPSa2HpChieUgJVFCARsFnJWm3h_NhjfH:1mWEC3:CCvW6qWA0eFelA2cAMyLzUM_z9cTxETdgawuC7jY73Q", "expire_date": "2021-10-15T08:46:59.556Z"}}, {"model": "sessions.session", "pk": "sd5vxu89shqmqld4oi3y1vgfnky4a903", "fields": {"session_data": ".eJxVjMsOwiAUBf-FtSFA5VJcuu83NNxHpWogKe3K-O_apAvdnpk5LzWmbc3j1mQZZ1YXZdXpd8NEDyk74Hsqt6qplnWZUe-KPmjTQ2V5Xg_37yCnlr_1GVyYGMQCBBAiL4AE1AtGRiKDhgmmYKBzSXzsYgxojfXGSegBg3p_APwAOBE:1mTPnZ:1fz0qKT8alXfEYPh3dFMVgACpy09j2IOEXU0JC5YQXs", "expire_date": "2021-10-07T14:34:05.396Z"}}, {"model": "directories.item", "pk": 1, "fields": {"uid": "1 (1)", "code": "1 (1)", "value": "Гам-КОВИД-Вак Комбинированная векторная вакцина для профилактики коронавирусной инфекции, вызываемой вирусом SARS-CoV-2"}}, {"model": "directories.item", "pk": 2, "fields": {"uid": "3 (3)", "code": "3 (3)", "value": "ЭпиВакКорона Вакцина на основе пептидных антигенов для профилактики COVID-19"}}, {"model": "directories.item", "pk": 3, "fields": {"uid": "4 (4)", "code": "4 (4)", "value": "КовиВак (Вакцина коронавирусная инактивированная цельновирионная концентрированная очищенная)"}}, {"model": "directories.item", "pk": 4, "fields": {"uid": "5 (5)", "code": "5 (5)", "value": "Спутник Лайт Векторная вакцина для профилактики коронавирусной инфекции, вызываемой вирусом SARS-CoV-2"}}, {"model": "directories.item", "pk": 5, "fields": {"uid": "1", "code": "1", "value": "1"}}, {"model": "directories.item", "pk": 6, "fields": {"uid": "2", "code": "3", "value": "1"}}, {"model": "directories.item", "pk": 7, "fields": {"uid": "3", "code": "4", "value": "9"}}, {"model": "directories.item", "pk": 8, "fields": {"uid": "1", "code": "1", "value": "Министерство внутренних дел Российской Федерации"}}, {"model": "directories.item", "pk": 13, "fields": {"uid": "2", "code": "2", "value": "Публичное акционерное общество \"Ростелеком\""}}, {"model": "directories.item", "pk": 14, "fields": {"uid": "1", "code": "1", "value": "противопоказания для санаторно-курортного лечения отсутствуют"}}, {"model": "directories.item", "pk": 15, "fields": {"uid": "2", "code": "2", "value": "наличие медицинских показаний"}}, {"model": "directories.item", "pk": 16, "fields": {"uid": "3", "code": "3", "value": "отсутствие медицинских показаний"}}, {"model": "directories.item", "pk": 17, "fields": {"uid": "4", "code": "4", "value": "наличие медицинских противопоказаний"}}, {"model": "directories.item", "pk": 18, "fields": {"uid": "21.10.51.121-000001-1-00110-0000000000000", "code": "21.10.51.121-000001-1-00110-0000000000000", "value": "ПОЛИВИТАМИНЫ+ПРОЧИЕ ПРЕПАРАТЫ"}}, {"model": "directories.item", "pk": 19, "fields": {"uid": "21.10.51.121-000003-1-00171-0000000000000", "code": "21.10.51.121-000003-1-00171-0000000000000", "value": "ПОЛИВИТАМИНЫ+МИНЕРАЛЫ"}}, {"model": "directories.item", "pk": 20, "fields": {"uid": "21.10.51.121-000016-1-00043-0000000000000", "code": "21.10.51.121-000016-1-00043-0000000000000", "value": "АЛЬФА-ТОКОФЕРОЛА АЦЕТАТ+АСКОРБИНОВАЯ КИСЛОТА+БЕТАКАРОТЕН+БИОТИН+ЖЕЛЕЗА ФУМАРАТ+КАЛИЯ ЙОДИД+КАЛИЯ ХЛОРИД+КАЛЬЦИЯ ПАНТОТЕНАТ+КОЛЕКАЛЬЦИФЕРОЛ+МАГНИЯ ОКСИД+МАРГАНЦА СУЛЬФАТ+МЕДИ СУЛЬФАТ+НАТРИЯ МОЛИБДАТ+НАТРИЯ СЕЛЕНАТ+НИКОТИНАМИД+ПИРИДОКСИНА ГИДРОХЛОРИД+РЕТИНОЛА АЦЕТАТ+РИБОФЛАВИН+ТИАМИНА МОНОНИТРАТ+ФОЛИЕВАЯ КИСЛОТА+ХРОМА ХЛОРИД+ЦИАНОКОБАЛАМИН+ЦИНКА ОКСИД"}}, {"model": "directories.item", "pk": 21, "fields": {"uid": "1", "code": "01003", "value": "002"}}, {"model": "directories.item", "pk": 22, "fields": {"uid": "2", "code": "01003", "value": "003"}}, {"model": "directories.item", "pk": 23, "fields": {"uid": "3", "code": "01003", "value": "004"}}, {"model": "directories.item", "pk": 24, "fields": {"uid": "4", "code": "01003", "value": "005"}}, {"model": "directories.item", "pk": 25, "fields": {"uid": "30", "code": "30", "value": "Код по ОКПО"}}, {"model": "directories.item", "pk": 26, "fields": {"uid": "40", "code": "50", "value": "Номер лицензии на осуществление медицинской деятельности"}}, {"model": "directories.item", "pk": 27, "fields": {"uid": "50", "code": "50", "value": "Дата выдачи лицензии на осуществление медицинской деятельности"}}, {"model": "directories.item", "pk": 28, "fields": {"uid": "1.2.643.5.1.13.13.12.2.10.10195", "code": "1.2.643.5.1.13.13.12.2.10.10195.0.250355", "value": "Лечебно-диагностическое отделение"}}, {"model": "directories.item", "pk": 29, "fields": {"uid": "1", "code": "1 этап", "value": "Заполняется либо представителями ОУЗ, либо специалистами направляющей медицинской организации. ОУЗ или направляющая медицинская организация направляет клиническую информацию совместно с талоном в принимающую медицинскую организацию"}}, {"model": "directories.item", "pk": 30, "fields": {"uid": "2", "code": "2 этап", "value": "Заполняется принимающей медицинской организацией, указывающая свое решение касательно госпитализации пациента"}}, {"model": "directories.item", "pk": 31, "fields": {"uid": "1", "code": "1.2.643.5.1.13.2.7.5.1.1", "value": "Эпикриз в стационаре выписной"}}, {"model": "directories.item", "pk": 32, "fields": {"uid": "1", "code": "Дошкольник неорганизованный", "value": "8"}}, {"model": "directories.directory", "pk": 4, "fields": {"uid": "1.2.643.5.1.13.13.99.2.863", "name": "ВМП. Справочник соответствия форм оплаты и источников оплаты", "title": "ВМП. Справочник соответствия форм оплаты и источников оплаты", "description": "ВМП. Справочник соответствия форм оплаты и источников оплаты"}}, {"model": "directories.directory", "pk": 6, "fields": {"uid": "1.2.643.5.1.13.13.99.2.747", "name": "РВ. Вакцины от коронавирусной инфекции (англоязычный)", "title": "РВ. Вакцины от коронавирусной инфекции (англоязычный)", "description": "РВ. Вакцины от коронавирусной инфекции (англоязычный)"}}, {"model": "directories.directory", "pk": 12, "fields": {"uid": "1.2.643.5.1.13.13.99.2.611", "name": "Узлы СМНН. ЕСКЛП", "title": "Узлы СМНН. ЕСКЛП", "description": "Узлы СМНН. ЕСКЛП"}}, {"model": "directories.directory", "pk": 13, "fields": {"uid": "1.2.643.5.1.13.13.99.2.166", "name": "Справочник кодируемых полей", "title": "Справочник кодируемых полей", "description": "Справочник кодируемых полей"}}, {"model": "directories.directory", "pk": 14, "fields": {"uid": "1.2.643.5.1.13.13.99.2.114", "name": "ФРМО. Справочник структурных подразделений", "title": "ФРМО. Справочник структурных подразделений", "description": "ФРМО. Справочник структурных подразделений"}}, {"model": "directories.directory", "pk": 15, "fields": {"uid": "1.2.643.5.1.13.13.99.2.308", "name": "Реестр ПВП (ФОМС)", "title": "Реестр ПВП (ФОМС)", "description": "Реестр ПВП (ФОМС)"}}, {"model": "directories.directory", "pk": 16, "fields": {"uid": "1.2.643.5.1.13.13.11.1522", "name": "Виды медицинской документации", "title": "Виды медицинской документации", "description": "Виды медицинской документации"}}, {"model": "directories.directory", "pk": 17, "fields": {"uid": "1.2.643.5.1.13.13.11.1554", "name": "Этапы талона на оказание ВМП", "title": "Этапы талона на оказание ВМП", "description": "Этапы талона на оказание ВМП"}}, {"model": "directories.directory", "pk": 18, "fields": {"uid": "1.2.643.5.1.13.13.11.1038", "name": "Социальные группы населения в учетной медицинской документации", "title": "Социальные группы населения в учетной медицинской документации", "description": "Социальные группы населения в учетной медицинской документации"}}, {"model": "directories.directory", "pk": 19, "fields": {"uid": "1.2.643.5.1.13.13.99.2.860", "name": "Операторы персональных данных", "title": "Операторы персональных данных", "description": "Операторы персональных данных"}}, {"model": "directories.directory", "pk": 20, "fields": {"uid": "1.2.643.5.1.13.13.99.2.725", "name": "Перечень заключений в медицинских документах", "title": "Перечень заключений в медицинских документах", "description": "Перечень заключений в медицинских документах"}}, {"model": "directories.version", "pk": 1, "fields": {"directory": 6, "pub_date": "2021-09-21T08:16:00Z", "name": "1.6"}}, {"model": "directories.version", "pk": 2, "fields": {"directory": 6, "pub_date": "2021-03-30T07:40:00Z", "name": "1.3"}}, {"model": "directories.version", "pk": 3, "fields": {"directory": 4, "pub_date": "2021-09-22T06:35:00Z", "name": "1.1"}}, {"model": "directories.version", "pk": 5, "fields": {"directory": 19, "pub_date": "2021-09-15T10:05:00Z", "name": "1.2"}}, {"model": "directories.version", "pk": 6, "fields": {"directory": 20, "pub_date": "2021-09-13T14:06:00Z", "name": "1.9"}}, {"model": "directories.version", "pk": 7, "fields": {"directory": 20, "pub_date": "2021-05-18T13:35:00Z", "name": "1.5"}}, {"model": "directories.version", "pk": 8, "fields": {"directory": 12, "pub_date": "2021-09-22T11:46:00Z", "name": "4.21"}}, {"model": "directories.version", "pk": 9, "fields": {"directory": 12, "pub_date": "2021-08-19T09:31:00Z", "name": "4.10"}}, {"model": "directories.version", "pk": 10, "fields": {"directory": 15, "pub_date": "2021-09-23T17:00:00Z", "name": "2.305"}}, {"model": "directories.version", "pk": 11, "fields": {"directory": 15, "pub_date": "2021-08-27T17:00:00Z", "name": "2.292"}}, {"model": "directories.version", "pk": 12, "fields": {"directory": 13, "pub_date": "2021-09-22T09:25:00Z", "name": "1.66"}}, {"model": "directories.version", "pk": 13, "fields": {"directory": 14, "pub_date": "2021-09-23T23:41:00Z", "name": "2.869"}}, {"model": "directories.version", "pk": 14, "fields": {"directory": 17, "pub_date": "2021-09-17T12:52:00Z", "name": "1.1"}}, {"model": "directories.version", "pk": 15, "fields": {"directory": 16, "pub_date": "2021-09-17T12:59:00Z", "name": "4.38"}}, {"model": "directories.version", "pk": 16, "fields": {"directory": 18, "pub_date": "2021-09-17T12:55:00Z", "name": "8.1"}}, {"model": "directories.version", "pk": 17, "fields": {"directory": 19, "pub_date": "2021-09-01T17:35:00Z", "name": "1.0"}}, {"model": "directories.version", "pk": 18, "fields": {"directory": 19, "pub_date": "2021-09-02T12:38:02Z", "name": "1.1"}}, {"model": "directories.itemsversion", "pk": 1, "fields": {"version": 2, "item": 1}}, {"model": "directories.itemsversion", "pk": 2, "fields": {"version": 2, "item": 2}}, {"model": "directories.itemsversion", "pk": 3, "fields": {"version": 2, "item": 3}}, {"model": "directories.itemsversion", "pk": 4, "fields": {"version": 1, "item": 1}}, {"model": "directories.itemsversion", "pk": 5, "fields": {"version": 1, "item": 2}}, {"model": "directories.itemsversion", "pk": 6, "fields": {"version": 1, "item": 3}}, {"model": "directories.itemsversion", "pk": 7, "fields": {"version": 1, "item": 4}}, {"model": "directories.itemsversion", "pk": 8, "fields": {"version": 3, "item": 5}}, {"model": "directories.itemsversion", "pk": 9, "fields": {"version": 3, "item": 6}}, {"model": "directories.itemsversion", "pk": 10, "fields": {"version": 3, "item": 7}}, {"model": "directories.itemsversion", "pk": 14, "fields": {"version": 5, "item": 8}}, {"model": "directories.itemsversion", "pk": 15, "fields": {"version": 5, "item": 13}}, {"model": "directories.itemsversion", "pk": 16, "fields": {"version": 6, "item": 14}}, {"model": "directories.itemsversion", "pk": 17, "fields": {"version": 6, "item": 15}}, {"model": "directories.itemsversion", "pk": 18, "fields": {"version": 6, "item": 16}}, {"model": "directories.itemsversion", "pk": 19, "fields": {"version": 6, "item": 17}}, {"model": "directories.itemsversion", "pk": 20, "fields": {"version": 7, "item": 14}}, {"model": "directories.itemsversion", "pk": 21, "fields": {"version": 7, "item": 15}}, {"model": "directories.itemsversion", "pk": 22, "fields": {"version": 8, "item": 18}}, {"model": "directories.itemsversion", "pk": 23, "fields": {"version": 8, "item": 19}}, {"model": "directories.itemsversion", "pk": 24, "fields": {"version": 8, "item": 20}}, {"model": "directories.itemsversion", "pk": 25, "fields": {"version": 9, "item": 18}}, {"model": "directories.itemsversion", "pk": 26, "fields": {"version": 10, "item": 21}}, {"model": "directories.itemsversion", "pk": 27, "fields": {"version": 10, "item": 22}}, {"model": "directories.itemsversion", "pk": 28, "fields": {"version": 10, "item": 23}}, {"model": "directories.itemsversion", "pk": 29, "fields": {"version": 10, "item": 24}}, {"model": "directories.itemsversion", "pk": 30, "fields": {"version": 11, "item": 21}}, {"model": "directories.itemsversion", "pk": 31, "fields": {"version": 11, "item": 22}}, {"model": "directories.itemsversion", "pk": 32, "fields": {"version": 12, "item": 25}}, {"model": "directories.itemsversion", "pk": 33, "fields": {"version": 12, "item": 27}}, {"model": "directories.itemsversion", "pk": 34, "fields": {"version": 13, "item": 28}}, {"model": "directories.itemsversion", "pk": 35, "fields": {"version": 13, "item": 31}}, {"model": "directories.itemsversion", "pk": 36, "fields": {"version": 14, "item": 29}}, {"model": "directories.itemsversion", "pk": 37, "fields": {"version": 14, "item": 30}}, {"model": "directories.itemsversion", "pk": 38, "fields": {"version": 15, "item": 28}}, {"model": "directories.itemsversion", "pk": 39, "fields": {"version": 15, "item": 31}}, {"model": "directories.itemsversion", "pk": 40, "fields": {"version": 16, "item": 32}}, {"model": "directories.itemsversion", "pk": 41, "fields": {"version": 17, "item": 8}}, {"model": "directories.itemsversion", "pk": 42, "fields": {"version": 18, "item": 13}}]